id,infra,name,iso3,Continent_Code,geometry,canal_main,v_out,q_out,v_in,q_in,v_total,q_total
port161,port,Botany Bay_Australia,AUS,OC,POINT (151.2158951934467 -33.98153450901857),Panama,18485.421117702743,9.481429654168513,1948878624.4031112,1293117.7362574842,1948897109.824229,1293127.2176871384
port174,port,Brisbane_Australia,AUS,OC,POINT (153.14558323614085 -27.40850097251321),Panama,6098274.444274978,7794.69561389391,263791099.5096168,150833.63808347893,269889373.95389175,158628.33369737284
port176,port,Broome_Australia,AUS,OC,POINT (122.20673937075573 -18.000500198595883),Panama,449330.5698059755,309.6788108652064,121035.08143355159,17.626614175691476,570365.651239527,327.3054250408979
port331,port,Esperance_Australia,AUS,OC,POINT (121.90073734497213 -33.87217365996532),Panama,212061.5333196883,2355.396225305289,4725.9411359096375,0.8751737933373616,216787.47445559793,2356.2713990986267
port361,port,Fremantle_Australia,AUS,OC,POINT (115.77052416812684 -32.152032519524546),Panama,147109.48088537864,16.393779971368495,37691008.39682543,25614.49761017544,37838117.87771081,25630.891390146808
port398,port,Gladstone_Australia,AUS,OC,POINT (151.21552767768955 -23.819079690458192),Panama,25334193.00776613,24237.36152203965,18583704.117894635,6625.43233075371,43917897.12566076,30862.79385279336
port458,port,Haypoint_Australia,AUS,OC,POINT (149.28745403108044 -21.28124079171913),Panama,57749362.20535692,124962.74219675729,55444074.49635742,39979.57761514595,113193436.70171434,164942.31981190323
port816,port,Newcastle_Australia,AUS,OC,POINT (151.757747141857 -32.89445588348178),Panama,99334627.03593327,153710.6929153021,1438.330335371764,0.1585598958495983,99336065.36626865,153710.85147519794
port930,port,Port Alma_Australia,AUS,OC,POINT (150.86011215382644 -23.584812223961293),Panama,359542.9882522912,585.4054057275383,1122778.4909782528,1329.6727659949206,1482321.479230544,1915.078171722459
port955,port,Port Hedland_Australia,AUS,OC,POINT (118.56434162641783 -20.33066002730353),Panama,59140491.25799133,10469.075175959615,72910.45398904536,414.6261506447532,59213401.71198037,10883.701326604369
port959,port,Port Kembla_Australia,AUS,OC,POINT (150.88448543445628 -34.46209936221515),Panama,37938473.98802294,34917.802342802395,37061323.78979721,40975.03966831066,74999797.77782014,75892.84201111305
port1243,port,Sydney_Australia,AUS,OC,POINT (151.18561722519004 -33.85321044637644),Panama,6751880.156320681,6370.872178504598,2499313.706872984,734.4657035973735,9251193.863193665,7105.337882101971
port1315,port,Townsville_Australia,AUS,OC,POINT (146.83641161719981 -19.25646587785041),Panama,329185153.99658996,112322.09402054525,2743970.357406012,1141.5984767398527,331929124.353996,113463.6924972851
port48,port,Anchorage_U.S.A.,USA,NA,POINT (-149.87432856449828 61.23279292047068),Panama,87105465.45616995,256136.5310652414,62138147.05403947,28952.02067760865,149243612.5102094,285088.55174285005
port103,port,Baltimore_U.S.A.,USA,NA,POINT (-76.5569732963815 39.259760370816956),Panama,3335876857.402607,1454412.5560188673,3362041073.6444626,1783587.1465932534,6697917931.04707,3237999.7026121207
port117,port,Barbor's Point_U.S.A.,USA,NA,POINT (-158.10402873940228 21.310519704249263),Panama,207524388.2671064,142458.87537965947,2287633226.234971,1636520.6814405464,2495157614.5020776,1778979.5568202059
port126,port,Baton Rouge_U.S.A.,USA,NA,POINT (-91.20632260986045 30.43704677406407),Panama,5318432526.689215,10189767.839866249,365026754.280105,346783.629136588,5683459280.969319,10536551.469002837
port134,port,Beaumont_U.S.A.,USA,NA,POINT (-94.03028275477728 30.025823215444778),Panama,1650328708.456851,2622626.580445658,100148291.01097797,82318.2202383145,1750476999.467829,2704944.8006839724
port143,port,Bellingham_U.S.A.,USA,NA,POINT (-122.50025501330771 48.75638842190907),Panama,71584096.33332472,474635.3790529487,391091218.34944135,1991428.7563357335,462675314.6827661,2466064.135388682
port144,port,Benicia_U.S.A.,USA,NA,POINT (-122.13192177950889 38.052037097690985),Panama,665009925.554096,2025690.2625906053,114785223.11079004,389534.8101387936,779795148.664886,2415225.072729399
port159,port,Boston_U.S.A.,USA,NA,POINT (-71.03617153597182 42.37717521495631),Panama,147228349.26504073,282047.8577542204,38741685.38255731,82401.30580116654,185970034.64759803,364449.16355538694
port177,port,Brownsville_U.S.A.,USA,NA,POINT (-97.38156647318829 25.95858284808265),Panama,56042453.78719072,82871.31565237803,46963943.544903435,59088.2718949565,103006397.33209416,141959.58754733455
port180,port,Brunswick_U.S.A.,USA,NA,POINT (-81.51967885646486 31.1318521684773),Panama,5852107746.794792,562642.7857053095,8102973881.451002,590919.7289209089,13955081628.245794,1153562.5146262185
port212,port,Canaveral Harbor_U.S.A.,USA,NA,POINT (-80.61594934700865 28.41097835086082),Panama,2156895.1216956535,6636.8294626261495,337592825.8264797,97969.92108550927,339749720.9481753,104606.75054813542
port231,port,Charleston_U.S.A.,USA,NA,POINT (-79.92115798771714 32.89929619779481),Panama,14121779432.640507,11211463.731277907,759261190.9414749,340810.3967160393,14881040623.581982,11552274.127993947
port264,port,Corpus Christi_U.S.A.,USA,NA,POINT (-97.3799079100681 27.84122725064461),Panama,4922798459.7064905,7062058.31859643,1411450891.6946633,1886954.9770012395,6334249351.401154,8949013.295597669
port314,port,EL Segundo_U.S.A.,USA,NA,POINT (-118.40197968164686 33.914907439319514),Panama,220761644.9802053,421833.81660448964,12348932.39819106,17771.593479035695,233110577.37839636,439605.41008352535
port333,port,Everett_U.S.A.,USA,NA,POINT (-122.22369174647808 47.97713082997939),Panama,25510796.97406489,86327.40315620163,64804301.90751368,185664.744385843,90315098.88157856,271992.14754204464
port358,port,Freeport_U.S.A.,USA,NA,POINT (-95.32605000312248 28.943937379395933),Panama,1683820715.592223,1905332.2987460233,1202961567.6515284,564978.7749783217,2886782283.2437515,2470311.0737243453
port373,port,Galveston_U.S.A.,USA,NA,POINT (-94.80456984576391 29.30976119320005),Panama,622455864.0468261,698498.1746603377,887168127.0568874,303095.7395472789,1509623991.1037135,1001593.9142076166
port464,port,Hilo_U.S.A.,USA,NA,POINT (-155.0556259484286 19.727737240286597),Panama,2760.6147272108446,1.0630069421699007,3146754.9044085853,3460.0865733338737,3149515.519135796,3461.1495802760437
port476,port,Honolulu_U.S.A.,USA,NA,POINT (-157.90351290034408 21.32896919368942),Panama,406610514.7188686,358769.0756149203,677817614.108361,961227.0973034347,1084428128.8272295,1319996.172918355
port481,port,Houston_U.S.A.,USA,NA,POINT (-95.13978774329904 29.720231142824687),Panama,14775014877.166046,18349847.55152592,60617044786.97094,31589861.062872168,75392059664.137,49939708.61439809
port513,port,Jacksonville_U.S.A.,USA,NA,POINT (-81.58303357119681 30.383326101047718),Panama,1255333214.8104057,598722.910607768,11523451064.895466,1759534.8066834742,12778784279.705872,2358257.7172912424
port629,port,Lake Charles_U.S.A.,USA,NA,POINT (-93.31148796186308 30.190647447424137),Panama,2564894070.9784408,3732644.7976455805,197470195.9040612,494685.2781629635,2762364266.882502,4227330.075808544
port664,port,Los Angeles_U.S.A.,USA,NA,POINT (-118.24378813374709 33.755691934355504),Panama,12591942749.080645,8140500.585070401,17561980378.269604,16836324.024455953,30153923127.35025,24976824.609526355
port736,port,Miami_U.S.A.,USA,NA,POINT (-80.18326590234456 25.778217283839663),Panama,5242869883.0802555,8309628.122458886,2013318744.6933608,1631103.5536367577,7256188627.773617,9940731.676095644
port754,port,Mobile_U.S.A.,USA,NA,POINT (-88.06673452149629 30.665036378630738),Panama,1988805571.145745,3552503.1197274923,8454982960.481802,3005201.3705245387,10443788531.627546,6557704.490252031
port767,port,Morehead City_U.S.A.,USA,NA,POINT (-76.69601781314203 34.71782416155222),Panama,22497612.186114732,31107.67749591593,49670403.59298184,36548.00841449767,72168015.77909657,67655.6859104136
port809,port,New Haven_U.S.A.,USA,NA,POINT (-72.89315048967335 41.27574662136436),Panama,222234.43403789683,685.5722954961586,165086513.63736704,374747.0140721792,165308748.07140493,375432.5863676754
port812,port,New Orleans_U.S.A.,USA,NA,POINT (-90.13086771623864 29.93003342524773),Panama,9814826603.915617,17682277.944154367,7908328761.772065,6508023.443419258,17723155365.687683,24190301.387573626
port815,port,New York-New Jersey_U.S.A.,USA,NA,POINT (-74.17942126290532 40.63298387254996),Panama,14325517292.515442,15478876.574539797,36407927645.72143,12699657.120494831,50733444938.23687,28178533.69503463
port818,port,Newport News_U.S.A.,USA,NA,POINT (-76.43537097591263 36.98386610273203),Panama,1042496.764772581,5950.198227804318,436781306.9253905,57577.1032405468,437823803.6901631,63527.301468351114
port826,port,Norfolk_U.S.A.,USA,NA,POINT (-76.33049227804739 36.849627484186534),Panama,3067556077.5054784,4738381.771923021,111611941.35722958,74118.99163071999,3179168018.862708,4812500.763553741
port839,port,Oakland_U.S.A.,USA,NA,POINT (-122.30889416573957 37.808163660245064),Panama,11566662775.993717,8911700.30215199,759288027.9624373,1159325.0793753923,12325950803.956154,10071025.381527381
port876,port,Palm Beach_U.S.A.,USA,NA,POINT (-80.05581496660578 26.768017133014553),Panama,100987324.68671507,109342.54634793231,32154670.13123766,25587.37220324962,133141994.81795272,134929.91855118194
port888,port,Pascagoula_U.S.A.,USA,NA,POINT (-88.52197837353293 30.34688292732757),Panama,1372667755.5631342,1994915.5681992194,220375111.05743426,407671.8773685772,1593042866.6205685,2402587.4455677965
port901,port,Philadelphia_U.S.A.,USA,NA,POINT (-75.13753909832485 39.90437716815828),Panama,579207020.0556152,547799.6972707389,2420429798.7430973,2706838.722376083,2999636818.7987127,3254638.419646822
port920,port,Point Richmond_U.S.A.,USA,NA,POINT (-122.37709303393753 37.92353428166407),Panama,33172736.407564435,73837.8457970098,442014005.3163717,263663.7371942112,475186741.72393614,337501.582991221
port933,port,Port Arthur_U.S.A.,USA,NA,POINT (-93.93104817994141 29.881703011597338),Panama,2002517536.636503,3289504.3880723193,915895586.4727318,1497405.8673365677,2918413123.109235,4786910.255408887
port951,port,Port Everglades_U.S.A.,USA,NA,POINT (-80.12439561489067 26.081050903250397),Panama,1861439238.5061362,562180.9674080267,1179929194.7672052,726210.8827655861,3041368433.273341,1288391.8501736128
port956,port,Port Hueneme_U.S.A.,USA,NA,POINT (-119.20944514707523 34.156052492218954),Panama,49221208.30088074,241334.07571006764,1440850774.336895,2232489.797801262,1490071982.6377757,2473823.8735113293
port963,port,Port Lavaca_U.S.A.,USA,NA,POINT (-96.54433241631918 28.675573401743023),Panama,230361695.719132,225771.12279947218,65391600.69014201,37717.80917736067,295753296.40927404,263488.93197683286
port967,port,Port Manatee_U.S.A.,USA,NA,POINT (-82.55715768498631 27.63344968924283),Panama,38017383.83311689,26527.57718430596,196350098.82939753,145780.25923632507,234367482.66251442,172307.83642063104
port993,port,Portland_U.S.A.,USA,NA,POINT (-122.73550592391067 45.59523874007099),Panama,242515920.0264294,326623.5938147086,18472078.766604412,48051.82854313117,260987998.79303384,374675.42235783977
port996,port,Portmouth_U.S.A.,USA,NA,POINT (-70.78807026991318 43.093030640754236),Panama,1874658.5439752194,1616.3104923319627,115443409.55196635,78857.31105790523,117318068.09594157,80473.62155023719
port1021,port,Prince Rupert_U.S.A.,USA,NA,POINT (-130.33775976075003 54.26668285438812),Panama,19610994.948154397,25657.299541809312,14968323.051953027,31046.252818115583,34579318.00010742,56703.5523599249
port1024,port,Providence_U.S.A.,USA,NA,POINT (-71.38334181109599 41.786241390258816),Panama,3140.9768362506725,1.194446985547378,190943096.89192072,111527.40103644837,190946237.86875698,111528.59548343392
port1140,port,San Diego_U.S.A.,USA,NA,POINT (-117.14717715425051 32.68538624504669),Panama,88578344.01453264,278554.08797902433,481707545.89725137,1139402.2297455026,570285889.911784,1417956.3177245269
port1141,port,San Fransisco_U.S.A.,USA,NA,POINT (-122.3870813748719 37.75519021550544),Panama,340464721.7639454,1571291.6086245237,120807205.20438512,1297228.790314079,461271926.9683305,2868520.398938603
port1170,port,Savannah_U.S.A.,USA,NA,POINT (-81.10052022006369 32.104024540837706),Panama,11183284700.100674,10812908.389049962,21728430007.881912,8575315.653871754,32911714707.982586,19388224.042921714
port1175,port,Seattle_U.S.A.,USA,NA,POINT (-122.34576162820697 47.57185014693231),Panama,2389899577.6276646,4093305.171450849,216251350.9617234,313145.40386134037,2606150928.589388,4406450.57531219
port1214,port,South Louisiana_U.S.A.,USA,NA,POINT (-90.8678107244268 30.1237952598628),Panama,7031407928.044955,6214541.924403433,398550300.06730807,450479.3035748482,7429958228.112264,6665021.227978281
port1229,port,Stockton_U.S.A.,USA,NA,POINT (-121.31088285154942 37.947969027429416),Panama,32634361.678889375,83098.94046922761,67094969.86714941,72880.11850574866,99729331.54603879,155979.05897497627
port1236,port,Superior_U.S.A.,USA,NA,POINT (-92.09100100792195 46.71928734720906),Panama,12437940.216465682,28645.991830450184,12422295.828344334,24943.762507292446,24860236.044810016,53589.754337742634
port1241,port,Swanport_U.S.A.,USA,NA,POINT (-146.38360337450882 61.08345855738029),Panama,334048.88954243535,120.85146080714134,1913678.2160836535,628.7332809204224,2247727.105626089,749.5847417275638
port1248,port,Tacoma_U.S.A.,USA,NA,POINT (-122.39121233325841 47.253565796308976),Panama,632285543.9686681,1345830.2945358197,19494360.01390992,40904.86943902468,651779903.982578,1386735.1639748444
port1259,port,Tampa_U.S.A.,USA,NA,POINT (-82.41979138966131 27.898340749725676),Panama,4471736553.622851,5937579.184486566,575636404.3539472,619692.4759306863,5047372957.976799,6557271.660417252
port1285,port,Texas City_U.S.A.,USA,NA,POINT (-94.91276461646224 29.37581006992484),Panama,1428121687.458539,1972199.5926442335,339565057.3449769,626348.409226124,1767686744.803516,2598548.0018703574
port1351,port,Vancouver_U.S.A.,USA,NA,POINT (-122.72741242164274 45.6380227086201),Panama,42494762.40426816,112553.01618631526,72433522.17958504,140355.6481311436,114928284.5838532,252908.66431745887
port1398,port,"Wilmington, DE_U.S.A.",USA,NA,POINT (-75.5216553562249 39.704856744349215),Panama,9835941.168189824,4039.0939652963607,482007731.0888716,1453619.92145046,491843672.2570614,1457659.0154157565
port1399,port,"Wilmington, NC_U.S.A.",USA,NA,POINT (-77.95014842805263 34.205147129406036),Panama,408662954.37262243,231683.87843016867,851178567.255972,134313.3810946296,1259841521.6285944,365997.25952479825
port301,port,Dover Harbor_United Kingdom,GBR,EU,POINT (1.3243048041574812 51.12045225982155),Panama,52659462.086002395,6581.866551310532,303999768.7524066,148816.48131902976,356659230.838409,155398.34787034028
port740,port,Milford Haven_United Kingdom,GBR,EU,POINT (-5.023498673563534 51.700542852180774),Panama,298325590.16573423,164278.3922576863,93073525.44275084,64545.96822503868,391399115.6084851,228824.36048272497
port4,port,Abidjan_Cote d'Ivoire,CIV,AF,POINT (-4.010908317124335 5.2839562225326215),Panama,53252411.521846615,116771.06283254178,55198620.86023417,132578.08452249336,108451032.3820808,249349.14735503512
port6,port,Acajutla_El Salvador,SLV,NA,POINT (-89.82967225900508 13.575440073254065),Panama,707549416.4495054,1338392.318881053,862366725.3837528,1393393.31903043,1569916141.8332582,2731785.6379114827
port7,port,Acapulco_Mexico,MEX,NA,POINT (-99.87240809616472 16.842818111519165),Panama,29119921.663894806,15147.228648474287,8070757.122968145,10130.211183611811,37190678.786862954,25277.4398320861
port38,port,Altamira_Mexico,MEX,NA,POINT (-97.88500211589354 22.484096017261084),Panama,96148926.25796536,54164.83718085727,11588240.421538016,18934.52846241171,107737166.67950337,73099.36564326897
port252,port,Coatzacoalcos_Mexico,MEX,NA,POINT (-94.40048652600215 18.120759614994963),Panama,46505485.87867616,33547.911028303686,100273076.7823598,80013.63565595678,146778562.66103595,113561.54668426047
port326,port,Ensenada_Mexico,MEX,NA,POINT (-116.62459926143812 31.849564665244007),Panama,1060353938.0007014,938586.2200298918,476991717.00358415,394914.1600812932,1537345655.0042856,1333500.380111185
port427,port,Guaymas_Mexico,MEX,NA,POINT (-110.86736420579369 27.923313175810502),Panama,476342104.8044409,1168508.8009468971,99321298.32976356,159505.07652883412,575663403.1342045,1328013.8774757313
port637,port,Lazaro Cardenas_Mexico,MEX,NA,POINT (-102.18437112541875 17.944252129652373),Panama,3498155797.2745767,2741547.504134551,7648526732.283163,7110297.923464429,11146682529.55774,9851845.42759898
port699,port,Manzanillo_Mexico,MEX,NA,POINT (-104.28766089294594 19.056267448711093),Panama,7448080380.314869,9437895.380655656,11535905816.704082,18200416.265282236,18983986197.01895,27638311.64593789
port723,port,Mazatlan_Mexico,MEX,NA,POINT (-106.41680997230965 23.193060245226256),Panama,77101751.18657528,72098.47833489435,34360007.22515439,61768.42907829133,111461758.41172966,133866.9074131857
port905,port,Pichilingue_Mexico,MEX,NA,POINT (-110.33074622545416 24.270594066859584),Panama,122029698.31628059,100098.82054698921,96806263.39606804,85635.23336237087,218835961.71234864,185734.05390936008
port1023,port,Progreso_Mexico,MEX,NA,POINT (-89.67539375387608 21.34384604472606),Panama,69558187.63222712,80901.1291899794,170253282.68171215,97898.59248798946,239811470.31393927,178799.72167796886
port1109,port,Rosarito_Mexico,MEX,NA,POINT (-117.07002938714996 32.37533608096319),Panama,26096113.076259784,30733.63623228403,79834257.85954495,79351.80161092522,105930370.93580472,110085.43784320925
port1136,port,Salina Cruz_Mexico,MEX,NA,POINT (-95.18846508600525 16.19017688345231),Panama,578691732.2477725,1205266.517909879,255876343.11471552,417809.03368049324,834568075.362488,1623075.5515903723
port1260,port,Tampico_Mexico,MEX,NA,POINT (-97.82483356061508 22.249809753048027),Panama,27370455.818943243,57037.623686802486,113336410.25286952,366181.45019203326,140706866.07181275,423219.07387883577
port1310,port,Topolorampo_Mexico,MEX,NA,POINT (-109.0558619570523 25.58916702942682),Panama,568987035.5248696,752992.775176275,160416436.93511143,257357.02222556487,729403472.459981,1010349.7974018399
port1332,port,Tuxpan_Mexico,MEX,NA,POINT (-97.3334154413632 20.95612428198529),Panama,71443.94601850728,5.789319411662901,1434936.4233657562,1732.8180242091635,1506380.3693842634,1738.6073436208264
port1358,port,Veracruz_Mexico,MEX,NA,POINT (-96.1543367647264 19.22121794940443),Panama,268611408.5352311,573947.0397898552,120557168.61871251,107312.95772702382,389168577.15394366,681259.9975168791
port10,port,Agadir_Morocco,MAR,AF,POINT (-9.649161717511673 30.438578346594785),Panama,2698113.782507349,7116.253483185908,3074828.3639012217,2430.506783572018,5772942.146408571,9546.760266757927
port220,port,Casablanca_Morocco,MAR,AF,POINT (-7.578850395884303 33.60660010425234),Panama,237767321.96217152,153648.77811859947,16936490.56336853,6176.375289061208,254703812.52554005,159825.15340766066
port319,port,El Jorf Lasfar_Morocco,MAR,AF,POINT (-8.609401597566807 33.11351890616566),Panama,305922.84042877826,26.79448147029821,60240018.872356676,115902.54443475815,60545941.71278545,115929.33891622844
port459,port,Helsingborg_Sweden,SWE,EU,POINT (12.73910204216621 55.98575725015415),Panama,3416381.611414105,524.7739577633697,334754689.37967825,276910.46398997476,338171070.9910924,277435.23794773815
port670,port,Lulea_Sweden,SWE,EU,POINT (22.250116542366847 65.55560307046646),Panama,1058291.5121478236,946.5574519040397,722718.9210902262,232.67477858950127,1781010.4332380497,1179.232230493541
port908,port,Piraievs_Greece,GRC,EU,POINT (23.603746770045078 37.95244596525885),Panama,193175576.7230336,166503.91691240427,37788778.54695907,81979.4002028017,230964355.26999268,248483.31711520598
port239,port,Chiba Ko_Japan,JPN,AS,POINT (140.05233918787292 35.52513991618921),Panama,26935775.73646277,8305.99700989518,185871143.25040445,322530.11341293575,212806918.98686722,330836.1104228309
port433,port,Hachinohe Ko_Japan,JPN,AS,POINT (141.5108447857201 40.54513127462275),Panama,1925730.582600248,1154.6227092075912,61419776.57086674,125903.72482741292,63345507.15346699,127058.34753662051
port463,port,Higashi-Harima_Japan,JPN,AS,POINT (134.81346927964285 34.730680833545804),Panama,680022968.9485693,123528.12245713608,50606381.501503855,77974.85380458942,730629350.4500731,201502.9762617255
port465,port,Himeji_Japan,JPN,AS,POINT (134.63785896788627 34.7757991513156),Panama,2677189.656452049,1344.6811777337823,9274723.427358784,21346.085161449737,11951913.083810832,22690.76633918352
port466,port,Hiroshima_Japan,JPN,AS,POINT (132.45577508201796 34.3474465774322),Panama,8331316.801490847,962.6304701145314,650361041.3516088,5348853.7368768975,658692358.1530997,5349816.367347012
port468,port,Hitachi_Japan,JPN,AS,POINT (140.61582820359354 36.45195306038733),Panama,838317667.7511904,66429.94960104441,6206290.876525762,6887.7350946990355,844523958.6277162,73317.68469574345
port471,port,Hofu_Japan,JPN,AS,POINT (131.57371762522862 34.02251033207972),Panama,389456.5969139515,323.3086204468186,6145273.665544477,24107.163740936492,6534730.262458429,24430.472361383312
port538,port,Kanda_Japan,JPN,AS,POINT (130.99286330169227 33.82174514927828),Panama,1176516964.05048,193939.21552450015,46184012.260926396,146880.40689650096,1222700976.3114064,340819.6224210011
port548,port,Kashima Ko_Japan,JPN,AS,POINT (140.6899197765725 35.9165624863423),Panama,101953755.8606195,52178.533997032704,71031061.7909358,29067.65195749239,172984817.6515553,81246.18595452509
port555,port,Kawasaki Ko_Japan,JPN,AS,POINT (139.74847050240137 35.50702516990109),Panama,7177105.825971223,11116.800083768087,26838484.998172633,34077.56743757293,34015590.82414386,45194.36752134102
port575,port,Kinuura Ko_Japan,JPN,AS,POINT (136.95343655370723 34.873879735031984),Panama,15056224.390033182,7562.341164818607,7816858.100398177,6075.000024104587,22873082.49043136,13637.341188923194
port578,port,Kisarazu Ko_Japan,JPN,AS,POINT (139.86810777050732 35.359021465146704),Panama,25786786.242394015,22075.67620023462,34617986.584533095,49176.74439856829,60404772.82692711,71252.42059880291
port581,port,Kobe_Japan,JPN,AS,POINT (135.22932705230667 34.67293988896983),Panama,2335254874.5967865,336827.70507479325,437162116.6627699,1029554.606154492,2772416991.2595563,1366382.3112292853
port738,port,Mikawa_Japan,JPN,AS,POINT (137.29090932614704 34.73606977250664),Panama,11732103093.753117,814446.3281768563,232199695.26263392,303297.68006943434,11964302789.01575,1117744.0082462905
port752,port,Mizushima Ko_Japan,JPN,AS,POINT (133.72429241724208 34.50033450640207),Panama,79379604.21037865,39779.67452516429,13741234.177713826,4659.534868889933,93120838.38809247,44439.209394054225
port786,port,Nagoya Ko_Japan,JPN,AS,POINT (136.85007840303058 35.036185434847944),Panama,725485237.511385,179253.7521896506,745123107.5215652,1522178.655609985,1470608345.0329502,1701432.4077996358
port850,port,Onahama Ko_Japan,JPN,AS,POINT (140.88352412310928 36.93593682767061),Panama,51570.786930377,2.076226163456084,16071010.459642837,26842.082517544615,16122581.246573213,26844.15874370807
port862,port,Osaka_Japan,JPN,AS,POINT (135.43002624041546 34.644930603547984),Panama,44695232.02501239,13870.320575173053,353123302.81612474,1208359.1721330443,397818534.8411371,1222229.4927082174
port1128,port,Sakai-Senboku_Japan,JPN,AS,POINT (135.42238149129432 34.55784019671662),Panama,304187093.23638636,371588.39843227714,288611110.3748618,1024181.0885757715,592798203.6112481,1395769.4870080487
port1304,port,Tokuyama_Japan,JPN,AS,POINT (131.78288676809268 34.03990671128202),Panama,6595947.2896417705,2741.284276040235,955532.327273905,431.15290228810943,7551479.616915676,3172.4371783283445
port1305,port,Tokyo Ko_Japan,JPN,AS,POINT (139.79257807484336 35.606071135583385),Panama,7905158169.417667,2532841.7734469865,4104755528.0579944,10659058.779684324,12009913697.475662,13191900.55313131
port1308,port,Tomakomai Ko_Japan,JPN,AS,POINT (141.72312896658843 42.637521854624524),Panama,143010351.9788765,34609.79205342999,79039238.01083434,112088.11133542634,222049589.98971084,146697.90338885633
port1378,port,Wakamatsu Ko_Japan,JPN,AS,POINT (130.81263360579425 33.91060335023822),Panama,4612171.564356789,2002.4191067768913,10499.440646059984,162.92306087622103,4622671.005002849,2165.3421676531125
port1379,port,Wakayama-Shimotsu Ko_Japan,JPN,AS,POINT (135.13348941634422 34.18417972507268),Panama,17388450.861477062,7440.033764698695,1219599.1844704982,1298.0737749924679,18608050.04594756,8738.107539691164
port1416,port,Yokkaichi_Japan,JPN,AS,POINT (136.65630831194952 34.97134904117626),Panama,165175.55937164385,38.39562657289071,1140680826.6748254,879677.9162225148,1140846002.2341971,879716.3118490877
port1417,port,Yokohama Ko_Japan,JPN,AS,POINT (139.6688122927324 35.427555533441485),Panama,13223481718.545628,2744877.7063400364,5763358537.180509,16827825.740344115,18986840255.726135,19572703.446684152
port748,port,Mina Tarabulus (Tripoli)_Libya,LBY,AF,POINT (13.200583605387726 32.904656187972655),Panama,69798.90532118134,72.46981208862036,5362.27753617686,2.095667733262237,75161.1828573582,74.56547982188259
port750,port,Misratah_Libya,LBY,AF,POINT (15.215128283273781 32.343983788441456),Panama,120.29849068864384,0.2994318389384983,4903305.323049139,4807.5958998738515,4903425.621539827,4807.89533171279
port23,port,Al Iskandariyh (Alexandria)_Egypt,EGY,AF,POINT (29.837590529759673 31.15536501576496),Panama,71952936.1269414,20704.37512780115,34779860.222016424,32607.7488246324,106732796.34895782,53312.123952433554
port192,port,Bur Said (Port Said)_Egypt,EGY,AF,POINT (32.30771942243283 31.249586292483176),Panama,44936903.800201625,88404.08787497989,44155197.23131507,103246.64711597735,89092101.0315167,191650.73499095725
port274,port,Damietta_Egypt,EGY,AF,POINT (31.759472476409314 31.462136855631023),Panama,4885.676388387401,8.41921642175338,15302.712635934458,8.85337850319068,20188.38902432186,17.27259492494406
port321,port,El-Adabiya_Egypt,EGY,AF,POINT (32.46211563003946 29.904162912450463),Panama,3686457.506647989,3959.9556698632186,4056175.573417901,9191.1128710518,7742633.08006589,13151.06854091502
port760,port,Mongstad_Norway,NOR,EU,POINT (5.044241786748606 60.82173558216646),Panama,40390785.749789074,39514.12296462243,2030045.161912479,82.73709177680085,42420830.91170155,39596.86005639923
port1208,port,Slagenstangen_Norway,NOR,EU,POINT (10.514380977912042 59.31819836365456),Panama,1879045.5287567372,613.5204241656479,1592123.9334618342,55.10548931816034,3471169.4622185715,668.6259134838083
port1225,port,Stavanger_Norway,NOR,EU,POINT (5.726419354778935 58.945262334491666),Panama,18728233.411671545,9700.586491624967,1012257.4134427174,1246.814658063914,19740490.82511426,10947.401149688882
port31,port,Algeciras_Spain,ESP,EU,POINT (-5.414266527700274 36.16592191437791),Panama,816682139.9838514,501150.834860327,625566337.5939878,1065950.4890746174,1442248477.5778394,1567101.3239349443
port118,port,Barcelona_Spain,ESP,EU,POINT (2.1464898987441767 41.3379783937254),Panama,685942608.3096058,249709.20286525026,1130255930.0497231,2006106.9313683228,1816198538.359329,2255816.134233573
port201,port,Cadiz_Spain,ESP,EU,POINT (-6.2637586492793105 36.52041019477181),Panama,3263428.2856077733,2285.1735349980254,26906180.78412783,35372.72387612631,30169609.069735605,37657.89741112433
port219,port,Cartagena_Spain,ESP,EU,POINT (-0.945398356705371 37.57548974049472),Panama,39431226.79624318,43553.45426429759,25415253.693196233,19572.936390527208,64846480.48943941,63126.39065482479
port267,port,Cueta_Spain,ESP,EU,POINT (-5.316014757585397 35.89549311484472),Panama,53008157.317110896,73143.08525600443,74142283.4071649,224144.79515787886,127150440.7242758,297287.8804138833
port483,port,Huelva_Spain,ESP,EU,POINT (-6.914657869368037 37.1931289090272),Panama,106087813.57053505,69058.41130475004,1565404077.0189524,2928825.27504673,1671491890.5894873,2997883.68635148
port617,port,La Coruna_Spain,ESP,EU,POINT (-8.45319636502657 43.34262512954117),Panama,128487599.82810284,10009.268926178023,1088585.8843011125,906.7047284535173,129576185.71240395,10915.97365463154
port635,port,Las Palmas_Spain,ESP,EU,POINT (-15.411361321818424 28.1480498490916),Panama,430817009.75681007,347934.14758676407,380366203.1080611,195018.38522730643,811183212.8648711,542952.5328140705
port1038,port,Puerto De Bilbao_Spain,ESP,EU,POINT (-3.0459612174580553 43.34131008246169),Panama,459113044.37886024,268100.3962066263,268749158.3454026,208805.831102098,727862202.7242628,476906.2273087243
port1277,port,Tarragona_Spain,ESP,EU,POINT (1.2023062351648168 41.102579056987345),Panama,23825424.801418915,30397.989231847154,7025588.435066707,11408.07727269059,30851013.236485623,41806.06650453775
port32,port,Alger_Algeria,DZA,AF,POINT (3.066287649623686 36.766686240592),Panama,384597.4619683832,918.6663609159546,21046363.782238994,18177.081736302734,21430961.24420738,19095.74809721869
port70,port,Arzew El Djedid_Algeria,DZA,AF,POINT (-0.2676223049533487 35.819235019961766),Panama,43210825.90254535,94327.0539235284,79788.0088936339,52.072159481518526,43290613.91143898,94379.1260830099
port856,port,Oran_Algeria,DZA,AF,POINT (-0.638375153984365 35.71085450792544),Panama,700523.4887464934,6435.700311481729,8664280.746105054,10475.905797014637,9364804.234851548,16911.606108496366
port33,port,Aliaga_Turkey,TUR,EU,POINT (26.934998289101188 38.80383336268498),Panama,624411.9835117885,370.1576624052237,2328773.430543229,754.9949950769553,2953185.4140550178,1125.152657482179
port542,port,Karabiga_Turkey,TUR,EU,POINT (27.17613452262349 40.434773151735236),Panama,1214332.4650943442,944.1695716184618,795509.3213539681,10974.521417444997,2009841.7864483125,11918.69098906346
port735,port,Mersin_Turkey,TUR,EU,POINT (34.65352385699006 36.80918666161338),Panama,65098522.58348938,167599.04783657362,50002552.41807767,605890.9827248189,115101075.00156705,773490.0305613924
port805,port,Nemrut Limani Bay_Turkey,TUR,EU,POINT (26.931504806236944 38.75643772970834),Panama,24420803.465019632,29239.126012275534,178.92360390332152,0.0291408802423877,24420982.388623536,29239.155153155778
port1406,port,Yakacik_Turkey,TUR,EU,POINT (36.20476888395528 36.71363081392979),Panama,184518.7733229795,62.5553584280198,418184.76862860855,4578.52435885295,602703.5419515881,4641.07971728097
port102,port,Balikpapa_Indonesia,IDN,AS,POINT (116.79597995074931 -1.202534485771115),Panama,13514677.53547915,5281.601670967271,7524.879834856725,0.2960038854784473,13522202.415314008,5281.897674852749
port114,port,Banten_Indonesia,IDN,AS,POINT (105.9675675868184 -6.016931807924585),Panama,119748515.07768503,30218.8989556333,158.05573960388472,0.0160600779275458,119748673.13342462,30218.915015711227
port420,port,Gresik_Indonesia,IDN,AS,POINT (112.64423495920768 -7.140468237575886),Panama,7392006.289052984,4235.920769086825,7778087.607254372,12756.628698000972,15170093.896307357,16992.549467087796
port1237,port,Surabaya_Indonesia,IDN,AS,POINT (112.72166747072802 -7.200873408963196),Panama,52105525.948911704,31044.816409808343,161794.56350521435,42.8408691534907,52267320.51241692,31087.657278961833
port196,port,Bushehr_Iran,IRN,AS,POINT (50.83467263434516 28.991537473184092),Panama,66216985.66948093,118610.36349934338,29575774.37020706,108294.34808197334,95792760.03968799,226904.71158131672
port487,port,Ijmuiden_Netherlands,NLD,EU,POINT (4.6172782557423755 52.47671568670087),Panama,114642015.04623294,58026.8446794693,87444109.00639017,499906.4521696753,202086124.0526231,557933.2968491446
port1114,port,Rotterdam_Netherlands,NLD,EU,POINT (4.2151449665234955 51.922281208398175),Panama,1707854514.0514333,583576.0534444555,3330857209.647997,1569226.746736156,5038711723.69943,2152802.8001806117
port1284,port,Terneuzen_Netherlands,NLD,EU,POINT (3.8132100776784132 51.31267679308905),Panama,3978709.7352086715,2771.1018387122926,144724548.75901252,211251.03728612067,148703258.49422118,214022.13912483296
port1370,port,Vlissingen_Netherlands,NLD,EU,POINT (3.6957797372233476 51.45611530350443),Panama,155206783.340249,74169.0330017424,542889015.0367866,601798.9270177888,698095798.3770356,675967.9600195312
port46,port,Amuay (Bahia De Amuay)_Venezuela,VEN,SA,POINT (-70.20535531024714 11.744585936633392),Panama,41955085.11655475,139120.13956050543,5625.920496973454,1.8013010083933236,41960711.03705172,139121.9408615138
port98,port,Bajo Grande_Venezuela,VEN,SA,POINT (-71.58177702352522 10.458288867044963),Panama,372710159.1358916,1177435.6027914286,58240567.678873986,67918.05453127495,430950726.8147656,1245353.6573227034
port320,port,El Palito_Venezuela,VEN,SA,POINT (-68.13572967966111 10.483395770568489),Panama,560.9130421850214,0.061163291838643,57355.578031872676,6.937644968411417,57916.491074057696,6.99880826025006
port524,port,Jose Terminal_Venezuela,VEN,SA,POINT (-64.8679501611048 10.06758499444423),Panama,4977097.641835434,4917.802643715006,49729899.038425244,36501.687243901826,54706996.68026068,41419.48988761683
port618,port,La Guaira_Venezuela,VEN,SA,POINT (-66.94547990294413 10.60102215207896),Panama,21762486.336831506,50484.42519175283,39809402.184176125,4274.861764292993,61571888.52100763,54759.28695604582
port878,port,Palua_Venezuela,VEN,SA,POINT (-62.70946005660704 8.347348578329001),Panama,10840137.07502471,5874.262199070809,527457.5953937125,1295.1346360777954,11367594.67041842,7169.396835148605
port1029,port,Puerto Cabello_Venezuela,VEN,SA,POINT (-67.9954731115483 10.4725273239446),Panama,5086.028923583946,23.49006457610824,58605196.6349878,109903.002722482,58610282.66391139,109926.4927870581
port1049,port,Puerto La Cruz_Venezuela,VEN,SA,POINT (-64.61485225289942 10.230818502007793),Panama,20210750.964730833,91566.71376912318,187485174.60448584,48718.88732827573,207695925.56921667,140285.6010973989
port47,port,Anacortes_Canada,CAN,NA,POINT (-122.56884570580459 48.48677700366743),Panama,102454572.91669996,172937.37987280398,113718453.48393777,59762.230690955475,216173026.40063775,232699.61056375946
port93,port,Baie Comeau_Canada,CAN,NA,POINT (-68.1413618900073 49.248035518480016),Panama,10308227.880747046,31339.358764570752,8693855.879741568,5641.513074146006,19002083.760488614,36980.87183871676
port236,port,Cherry Point_Canada,CAN,NA,POINT (-122.7139354060087 48.85252004956763),Panama,477029251.7393774,946006.5271924087,1165170624.7844512,1856950.9407470743,1642199876.5238285,2802957.467939483
port256,port,Come By Chance Harbor_Canada,CAN,NA,POINT (-54.000482932348824 47.78874082562783),Panama,1477334.2108327232,136.31565745242148,358.626497302872,0.019976442207546997,1477692.837330026,136.335633894629
port443,port,Halifax_Canada,CAN,NA,POINT (-63.5718513763458 44.6662319344433),Panama,352272512.818715,777166.7794915506,7409031659.892268,8095312.933128033,7761304172.710983,8872479.712619584
port455,port,Harmac_Canada,CAN,NA,POINT (-123.8657233386048 49.1410403104077),Panama,175571.65200723673,609.1668034238523,15573082.732262688,22343.758266590623,15748654.384269925,22952.925070014477
port615,port,La Baie (Port Alfred)_Canada,CAN,NA,POINT (-70.8554000380969 48.364855604336874),Panama,2117923.591989696,5988.750803663401,545332796.1930635,445151.3680949053,547450719.7850533,451140.1188985687
port766,port,Montreal_Canada,CAN,NA,POINT (-73.53480189392985 45.54455368185625),Panama,90658533.62992613,66334.35693535139,572973741.5255303,820773.44857953,663632275.1554564,887107.8055148814
port814,port,New Westminster_Canada,CAN,NA,POINT (-122.97756750994614 49.1751052493372),Panama,17931951.534071524,25542.8051876597,400325654.02978444,1109443.3473052173,418257605.56385595,1134986.152492877
port931,port,Port Angeles_Canada,CAN,NA,POINT (-123.45432895386938 48.12879898102893),Panama,3279267.148616189,20121.048289115286,113187039.7504683,368610.30656756856,116466306.8990845,388731.3548566839
port936,port,Port Bayside NB_Canada,CAN,NA,POINT (-67.13762394561356 45.16295904292374),Panama,326811.8987383035,1482.099293112832,8892639.67623011,6496.919803809263,9219451.574968414,7979.019096922095
port1075,port,Quebec_Canada,CAN,NA,POINT (-71.20615814982528 46.79533437486303),Panama,6264368.468997492,6258.749519447787,91101119.07329857,114070.34034257403,97365487.54229607,120329.0898620218
port1219,port,St John_Canada,CAN,NA,POINT (-66.03688906547066 45.272399803592634),Panama,312912113.6973813,290369.37326394673,85802083.15594703,10779.525722518969,398714196.85332835,301148.8989864657
port1295,port,Thunder Bay_Canada,CAN,NA,POINT (-89.24340302135263 48.3841792968307),Panama,406036802.31136787,964437.5391455503,2625962.9892154057,2357.506403564733,408662765.3005833,966795.045549115
port1320,port,Trois Rivieres_Canada,CAN,NA,POINT (-72.553068243561 46.33296536607257),Panama,7583300.769783227,14654.48994255643,260686454.32672656,301348.9623680942,268269755.09650978,316003.4523106506
port1350,port,Vancouver_Canada,CAN,NA,POINT (-123.0289043972785 49.289963992324004),Panama,1898588096.3829901,4089513.552540652,1109632485.7796636,1854433.1698519792,3008220582.162654,5943946.722392632
port655,port,Livorno_Italy,ITA,EU,POINT (10.31567022176673 43.57138601972897),Panama,11274728.993666932,10463.504812730765,34209820.776012205,45996.58887260013,45484549.76967914,56460.093685330896
port1083,port,Rada Di vado_Italy,ITA,EU,POINT (8.437281338684002 44.27052526766963),Panama,34913608.59521835,5257.548752428051,732744.5874714049,1355.8327852083057,35646353.182689756,6613.381537636356
port1275,port,Taranto_Italy,ITA,EU,POINT (17.190390455832556 40.500435672175534),Panama,14077070.239766184,4734.33198815027,980003.5761726402,2628.9654773151533,15057073.815938825,7363.297465465424
port51,port,Andres (Andres LGN Terminal)_Dominican Republic,DOM,NA,POINT (-69.63329977621136 18.418852961891666),Panama,209420627.9213784,161090.973958272,99354722.79660493,97390.22797388064,308775350.71798337,258481.20193215262
port898,port,Pepillo Salcedo_Dominican Republic,DOM,NA,POINT (-71.74342548380642 19.706283110060138),Panama,88896912.60731195,46171.46207459047,23305653.179754674,40470.72853530896,112202565.78706662,86642.19060989944
port1042,port,Puerto De Haina_Dominican Republic,DOM,NA,POINT (-70.02213411977235 18.41384253125339),Panama,20091094.922781177,27759.35034715273,100326369.60305518,74458.4005354464,120417464.52583635,102217.75088259912
port1147,port,San Pedro De Macoris_Dominican Republic,DOM,NA,POINT (-69.31037893738488 18.44604633790621),Panama,24662284.233789504,18272.216202236763,18788310.04582231,21292.78702401673,43450594.27961181,39565.003226253495
port1158,port,Santo Domingo_Dominican Republic,DOM,NA,POINT (-69.88004306053891 18.47043992885546),Panama,2599839.0338058034,15067.982786464241,322719428.828379,55589.79630343463,325319267.86218476,70657.77908989888
port56,port,Antofagasta_Chile,CHL,SA,POINT (-70.4048979191415 -23.6509440933457),Panama,2032223771.126476,817769.3356834011,185808274.3135254,228364.05610705607,2218032045.4400015,1046133.3917904572
port89,port,Bahia De Valparaiso_Chile,CHL,SA,POINT (-71.62773895334489 -33.033243809773886),Panama,5098393803.393417,4796989.955252835,4093030485.535026,1357634.3945589394,9191424288.928444,6154624.349811774
port90,port,Bahia Quintero (Ventanas)_Chile,CHL,SA,POINT (-71.48395103962916 -32.766963132610016),Panama,1014339524.553932,701152.2478370401,1040509547.9661949,1105128.6869871966,2054849072.5201268,1806280.9348242367
port92,port,Bahia San Vicente_Chile,CHL,SA,POINT (-73.12199870128266 -36.7428769892689),Panama,1544143942.3175244,1292265.259305588,689889547.9857256,824523.0261878156,2234033490.3032503,2116788.2854934037
port208,port,Caleta Patillos_Chile,CHL,SA,POINT (-70.19493410751362 -20.786540511121714),Panama,327833664.4099514,847518.3576154994,14983268.323214628,44578.03507391344,342816932.73316604,892096.3926894128
port263,port,Coronei_Chile,CHL,SA,POINT (-73.16219887909149 -37.025469173310185),Panama,914922480.3289652,1125676.1839358155,348103999.13081324,380041.6217078786,1263026479.4597783,1505717.805643694
port499,port,Iquique_Chile,CHL,SA,POINT (-70.15848484286388 -20.206006793798284),Panama,363859582.61224383,964298.3088500934,1693977405.804065,1516136.2433372508,2057836988.4163089,2480434.552187344
port652,port,Lirquen_Chile,CHL,SA,POINT (-72.98212942866691 -36.717896673264),Panama,1920961.7666671418,2325.859497966979,10392762.31412268,23441.038653990723,12313724.080789823,25766.898151957703
port728,port,Mejillones_Chile,CHL,SA,POINT (-70.39596390816759 -23.081827565192118),Panama,741019269.6084299,567094.7313475318,2498947463.495754,5844099.8084657155,3239966733.1041837,6411194.5398132475
port1031,port,Puerto Caldera_Chile,CHL,SA,POINT (-70.82743332173683 -27.051514544177994),Panama,559922521.22967,513770.58835168404,33396545.97106491,51100.08414351552,593319067.200735,564870.6724951996
port1034,port,Puerto Chanaral_Chile,CHL,SA,POINT (-70.64246833793368 -26.355665244791297),Panama,17381238.32782069,9440.361361939214,23207684.315376244,20093.719061470885,40588922.64319693,29534.0804234101
port1053,port,Puerto Montt_Chile,CHL,SA,POINT (-72.97479782789759 -41.493097659545626),Panama,5358755.284121485,13956.419901713283,53211186.27751514,96652.51713855739,58569941.56163663,110608.93704027067
port1058,port,Puerto San Antonio_Chile,CHL,SA,POINT (-71.61885508140605 -33.593245282085604),Panama,2771645934.1298513,2269472.208123935,8752831587.168777,6994490.299254819,11524477521.29863,9263962.507378753
port1082,port,Rada De Arica_Chile,CHL,SA,POINT (-70.32285518739951 -18.473348154866017),Panama,2154428354.492236,826831.511868772,2399877942.8198385,920953.6022007305,4554306297.312075,1747785.1140695023
port1302,port,Tocopilla_Chile,CHL,SA,POINT (-70.21203911601285 -22.09465265480131),Panama,315880527.9617406,484502.6730367548,38840091.355901405,118712.74408195981,354720619.31764203,603215.4171187145
port57,port,Antwerp_Belgium,BEL,EU,POINT (4.3178023106669565 51.27935494428036),Panama,679816778.1984452,641897.5502288395,2257498985.1972723,3532034.1059332276,2937315763.3957176,4173931.6561620673
port393,port,Ghent_Belgium,BEL,EU,POINT (3.7669417070271725 51.13028980402819),Panama,32812929.569362838,31034.94112578381,130215862.83799794,94853.0062390828,163028792.4073608,125887.9473648666
port1424,port,Zeebrugge_Belgium,BEL,EU,POINT (3.212225359193582 51.32626774343623),Panama,1811682974.9993882,208043.18072549906,317766474.67879796,866177.4206292162,2129449449.6781862,1074220.6013547154
port61,port,Apra Harbor_Guam,GUM,OC,POINT (144.6753643183448 13.460281696281312),Panama,20986176.409362197,7339.045900441576,12487852.968493592,7124.9037698688835,33474029.37785579,14463.94967031046
port62,port,Aratu_Brazil,BRA,SA,POINT (-38.487990580516495 -12.783450461896127),Panama,21022668.56516287,200643.3740621602,23461578.29883645,24740.39060098715,44484246.86399932,225383.76466314736
port140,port,Belem_Brazil,BRA,SA,POINT (-48.65985859706124 -1.5006902145017782),Panama,54446182.31771667,50536.03074451653,97931975.3254056,121735.35566899137,152378157.64312226,172271.3864135079
port382,port,Gebig_Brazil,BRA,SA,POINT (-44.23521541519647 -23.057009661898604),Panama,51073619.33198964,42778.941748839134,7245651.995565707,5787.401740337517,58319271.32755534,48566.34348917665
port422,port,Guaiba Island Terminal_Brazil,BRA,SA,POINT (-43.783076444468065 -22.91555492047408),Panama,152929799.77681726,128457.6758883281,19999675.9490583,39386.2167031352,172929475.72587556,167843.8925914633
port506,port,Itaqui_Brazil,BRA,SA,POINT (-44.353492874739295 -2.6271135679170254),Panama,1631497662.1926138,4512323.292831339,876809077.0693343,820015.9673285536,2508306739.261948,5332339.260159893
port944,port,Port De Salvador_Brazil,BRA,SA,POINT (-38.50530503953617 -12.9565254311773),Panama,6704983.498817403,5985.923187099415,4212945.249019021,7710.666132004246,10917928.747836424,13696.589319103661
port1000,port,Porto De Maceio_Brazil,BRA,SA,POINT (-35.7230092878217 -9.679541135033062),Panama,7037912.409373819,6457.264586145722,413888.1129794493,896.93436762082,7451800.522353268,7354.198953766542
port1001,port,Porto De Mucuripe_Brazil,BRA,SA,POINT (-38.471535698316686 -3.713436298762973),Panama,46041782.322003216,56443.9283577224,1898030.4067840283,1958.8596669566753,47939812.72878724,58402.788024679074
port1002,port,Porto De Suape_Brazil,BRA,SA,POINT (-34.97291034374547 -8.389473356488411),Panama,2148493.765741666,1720.8038787963317,396990.0784356523,1344.730845811415,2545483.8441773183,3065.5347246077467
port1010,port,Porto Pecem_Brazil,BRA,SA,POINT (-38.80469227290102 -3.538117252993949),Panama,12867325.995446695,1536.7212255690079,1467250.2979993783,1335.4496030914952,14334576.293446073,2872.170828660503
port1103,port,Rio De Janeiro_Brazil,BRA,SA,POINT (-43.19949003445482 -22.882676731172445),Panama,235171821.1247774,117758.5493332265,43775871.300211586,69869.5799549238,278947692.424989,187628.1292881503
port1160,port,Santos_Brazil,BRA,SA,POINT (-46.336563531544485 -23.91706786651937),Panama,63760284.98245625,40530.98929094289,52659785.71162996,22755.8835428611,116420070.69408621,63286.87283380399
port1161,port,Sao Francisco_Brazil,BRA,SA,POINT (-48.62047395374106 -26.210395004525363),Panama,25146803.20767456,8220.681103000848,25799205.571479905,26428.238506944574,50946008.779154465,34648.91960994542
port1162,port,Sao Sebastiao_Brazil,BRA,SA,POINT (-45.40625028976496 -23.80249769832562),Panama,573522.3032950248,642.0590801927729,5300428.69425155,7414.944070051712,5873950.997546575,8057.0031502444845
port1328,port,Tubarao_Brazil,BRA,SA,POINT (-40.23787540032175 -20.258827139406236),Panama,285199500.03190124,505246.7391724915,15972864.924179766,51164.699143018646,301172364.95608103,556411.4383155102
port1368,port,Vitoria_Brazil,BRA,SA,POINT (-40.33140066429062 -20.32616721226767),Panama,10562127.446888871,33496.18381838105,1495697.6664369297,3280.5557293444854,12057825.1133258,36776.739547725534
port171,port,Bridgetown_Barbados,BRB,NA,POINT (-59.627447909713226 13.106614945986191),Panama,51280895.426957265,143449.57904752681,10816487.080342596,15516.318540355069,62097382.50729986,158965.8975878819
port187,port,Bukhta Vanino_Russia,RUS,EU,POINT (140.300631210434 49.09019680829846),Panama,570639.0324084086,414.58126497218353,259647.00325805112,612.6492060383166,830286.0356664597,1027.2304710105002
port779,port,Murmansk_Russia,RUS,EU,POINT (33.04900269829869 68.98887419161231),Panama,6524908.739875415,13445.030128145925,138178.5201350213,236.62496240439788,6663087.260010436,13681.655090550323
port833,port,Novorossiysk_Russia,RUS,EU,POINT (37.80872150232945 44.72345597849215),Panama,127431210.86552952,151944.78571358326,28156052.358169183,12370.749818943774,155587263.2236987,164315.53553252702
port1095,port,Reka Luga_Russia,RUS,EU,POINT (28.40566475320543 59.68266556153349),Panama,1414339.1400850825,1626.812595391416,263143.9517769588,190.34099096961864,1677483.0918620413,1817.1535863610345
port1150,port,Sankt-Peterburg_Russia,RUS,EU,POINT (30.112183533681513 59.89971977038212),Panama,219238904.77643746,242973.77169232775,64908921.052592665,75583.47003728317,284147825.82903016,318557.24172961095
port1369,port,Vladivostok_Russia,RUS,EU,POINT (131.8967883214997 43.09088665037428),Panama,53960912.21846312,26984.138567355873,307838.9102977945,1221.3914695248234,54268751.12876092,28205.530036880697
port882,port,Papeete_French Polynesia,PYF,OC,POINT (-149.57387706169413 -17.531997544903398),Panama,145903190.8876295,41096.62990652444,601584146.0752776,226876.79498018208,747487336.9629071,267973.4248867065
port79,port,Auckland_New Zealand,NZL,OC,POINT (174.7739520335586 -36.84280038036584),Panama,2795410088.8649883,3270348.577703074,1600460195.182338,456724.03124958434,4395870284.047326,3727072.6089526583
port794,port,Napier_New Zealand,NZL,OC,POINT (176.91792939207335 -39.47534995373258),Panama,48190392.51371494,28264.343823241186,4016568.232254382,2131.389855355241,52206960.745969325,30395.73367859643
port804,port,Nelson_New Zealand,NZL,OC,POINT (173.27600810272455 -41.26122280657817),Panama,154787902.41145813,74276.79606703938,6597065.437144562,29436.700732046498,161384967.84860268,103713.49679908587
port813,port,New Plymouth_New Zealand,NZL,OC,POINT (174.03156975009543 -39.05838069884836),Panama,441240.16589622933,101.23116089931445,68905706.70685165,40088.43603319036,69346946.87274787,40189.66719408967
port1278,port,Tauranga_New Zealand,NZL,OC,POINT (176.1846333349249 -37.660488472655246),Panama,4213824534.7288656,1857216.1442697058,2187500547.7933693,1092753.1266106125,6401325082.522235,2949969.2708803182
port1393,port,Whangerei_New Zealand,NZL,OC,POINT (174.4881889562446 -35.84238338193423),Panama,32813334.56738163,4557.135535712361,564594250.6943071,304332.01436601847,597407585.2616887,308889.1499017308
port653,port,Lisboa_Portugal,PRT,EU,POINT (-9.120570468820851 38.6778905813299),Panama,1852082.311022515,1697.636830084862,43610284.55618697,18496.914551738566,45462366.86720948,20194.55138182343
port1200,port,Sines_Portugal,PRT,EU,POINT (-8.830416370244496 37.95680932412149),Panama,247554990.0540312,68545.40808383109,3203795.452101049,909.8390289160984,250758785.50613225,69455.2471127472
port86,port,Bahai De La Habana_Cuba,CUB,NA,POINT (-82.33371674830617 23.127669549414442),Panama,11202.56455849446,10.657823105195678,45470780.26873944,72477.3893445208,45481982.83329793,72488.04716762599
port244,port,Cienfuegos_Cuba,CUB,NA,POINT (-80.49961070099657 22.17631285446604),Panama,14864218.685935298,14521.174042964247,5276.083489988783,3.60323122656845,14869494.769425286,14524.777274190816
port704,port,Mariel_Cuba,CUB,NA,POINT (-82.75527869305797 23.005398852857162),Panama,12363428.714129003,20424.551213492854,16327562.271639308,2409.6302079874577,28690990.98576831,22834.181421480313
port1156,port,Santiago De Cuba_Cuba,CUB,NA,POINT (-75.85638961778481 20.013830675329572),Panama,5668070.458594215,883.6584412820116,58734946.93677904,35260.94319878862,64403017.395373255,36144.60164007063
port87,port,Bahia De Las Minas_Panama,PAN,NA,POINT (-79.820355936773 9.389723107087091),Panama,16243072.019160215,19503.70119704675,293636455.6950485,331070.09193114995,309879527.7142087,350573.7931281967
port101,port,Balboa_Panama,PAN,NA,POINT (-79.56547193480111 8.955321949548559),Panama,61360438501.88392,54879015.0702645,51373081462.23999,42269401.45973726,112733519964.1239,97148416.53000176
port230,port,Charco Azul_Panama,PAN,NA,POINT (-82.87824453035748 8.20636789441012),Panama,534687676.95386016,527457.639416291,63545907.76465688,173242.79954557866,598233584.7185171,700700.4389618697
port240,port,Chiriqui Grande_Panama,PAN,NA,POINT (-82.12102128651314 8.954239787395805),Panama,15815813.525315482,46898.409924644606,70288236.69878195,30600.14493238319,86104050.22409743,77498.5548570278
port700,port,Manzanillo_Panama,PAN,NA,POINT (-79.88215480872702 9.367894426810736),Panama,27804835867.09725,39931076.20602533,53739797875.44809,61026208.74855308,81544633742.54535,100957284.95457841
port1035,port,Puerto Colon_Panama,PAN,NA,POINT (-79.87879173594918 9.3733246286499),Panama,2239381978.5074267,4129158.916142904,5882556116.290039,8359564.295747649,8121938094.797466,12488723.211890552
port1037,port,Puerto Cristobal_Panama,PAN,NA,POINT (-79.90654355824726 9.345538334466248),Panama,2998167729.9904995,5268062.428121223,6187478318.065485,4717164.214674159,9185646048.055984,9985226.642795382
port88,port,Bahia De Matarani_Peru,PER,SA,POINT (-72.10778779112583 -17.004633413175803),Panama,711183969.8415089,1471162.7827528229,362917200.6169548,1210394.493956025,1074101170.4584637,2681557.276708848
port91,port,Bahia San Nicolas_Peru,PER,SA,POINT (-75.2394926674042 -15.258178768541931),Panama,250346586.26261687,1497380.1744197547,18533280.044917673,57545.466020167354,268879866.3075346,1554925.640439922
port259,port,Conchan Oil Terminal_Peru,PER,SA,POINT (-76.926783415688 -12.248992400455338),Panama,1958331511.0157661,1388439.2783942304,3278429888.314673,5509080.214404933,5236761399.330439,6897519.492799164
port873,port,Paita_Peru,PER,SA,POINT (-81.10649294162987 -5.081938312025953),Panama,7285625463.111078,5879033.967825935,2715357516.7302537,1836913.3158913353,10000982979.841331,7715947.283717271
port1026,port,Puerto Bayovar_Peru,PER,SA,POINT (-81.05847885912272 -5.801063431370205),Panama,491815993.2445721,679168.8838756917,3562271.514625378,8422.33737489396,495378264.7591975,687591.2212505856
port1040,port,Puerto De Chimbote_Peru,PER,SA,POINT (-78.58851611054341 -9.08546063826294),Panama,77549925.6874017,136770.66084032558,123511163.11499849,133347.98163741385,201061088.80240017,270118.6424777394
port1045,port,Puerto Del Callao_Peru,PER,SA,POINT (-77.1402309377948 -12.047308786690756),Panama,16752780846.5128,24901907.492655728,38112165747.62761,25024711.051260017,54864946594.14041,49926618.54391575
port1047,port,Puerto Ilo_Peru,PER,SA,POINT (-71.3576876233676 -17.61873150510724),Panama,1656163051.8995113,3954390.5186532466,1978845380.3921647,3090484.761488075,3635008432.291676,7044875.280141322
port1064,port,Punta Lobitos (Bahia De Huarmey)_Peru,PER,SA,POINT (-78.17935366424808 -10.102313492008856),Panama,2482843241.878567,3629904.9892067323,74784516.42710261,237524.06538284323,2557627758.30567,3867429.0545895756
port1132,port,Salaverry_Peru,PER,SA,POINT (-78.98129178358364 -8.226025730310917),Panama,594809501.3305004,1185810.9034635543,792948200.3526243,1645853.3289581153,1387757701.6831245,2831664.2324216696
port1257,port,Talara_Peru,PER,SA,POINT (-81.28140118367163 -4.5810805849679),Panama,238506920.88204008,711973.2483826079,413818877.69330525,407375.1677013803,652325798.5753453,1119348.4160839883
port832,port,Noumea_New Caledonia,NCL,OC,POINT (166.42756324485876 -22.252808775704942),Panama,160884194.82959145,220709.27113651703,35389373.25625714,26099.320441406653,196273568.0858486,246808.59157792368
port120,port,Barranquilla_Colombia,COL,SA,POINT (-74.77946096592984 10.995983140657987),Panama,212670455.59796324,506163.6724805474,165354544.98668355,387526.68219250016,378025000.5846468,893690.3546730476
port183,port,Buenaventura_Colombia,COL,SA,POINT (-77.06649613467158 3.8943885656037103),Panama,4164976485.1539783,22186607.0553013,10006102125.964167,12164195.875421422,14171078611.118145,34350802.93072272
port218,port,Cartagena_Colombia,COL,SA,POINT (-75.51291157787148 10.335006021988931),Panama,4756471901.925483,7669919.869821727,8200048563.158843,9889994.430263577,12956520465.084326,17559914.300085306
port266,port,Covenas Offshore Term._Colombia,COL,SA,POINT (-75.69862757158533 9.404219878394926),Panama,258603278.2249995,667753.745838231,28746803.140770987,35759.62343544951,287350081.36577046,703513.3692736806
port1027,port,Puerto Bolivar_Colombia,COL,SA,POINT (-71.9625703096812 12.250280347696615),Panama,146024476.41760725,746620.482172373,3990660.226721707,9188.939710775552,150015136.64432895,755809.4218831485
port1054,port,Puerto Nuevo_Colombia,COL,SA,POINT (-74.21920933549482 11.050319253640394),Panama,1026144751.7830137,4015539.497017804,151867151.10024452,454341.48155356373,1178011902.8832583,4469880.978571367
port1154,port,Santa Maria_Colombia,COL,SA,POINT (-74.21500894159155 11.251457626243086),Panama,250337358.83480307,433211.3048673898,107039150.7761827,187155.87981488745,357376509.61098576,620367.1846822773
port133,port,Bayuquan_China,CHN,AS,POINT (122.06684214776212 40.265129996682546),Panama,265201387.23860908,91578.67107468224,15419109.397969376,16052.854525774046,280620496.63657844,107631.52560045628
port136,port,Beihai_China,CHN,AS,POINT (109.06715220452973 21.47255147905038),Panama,1462855.2785972997,1275.886273148356,73924.04293619115,180.09789190872877,1536779.321533491,1455.9841650570847
port154,port,Bohai Bay_China,CHN,AS,POINT (117.86724447634192 38.32313122558751),Panama,936038372.910973,332183.66074110486,47146501.31237791,150239.68587183877,983184874.2233509,482423.3466129436
port227,port,Changshu_China,CHN,AS,POINT (120.96427286621353 31.757780409043075),Panama,547672.9572007166,426.0832845654736,517482.3835512336,8393.586617634963,1065155.3407519502,8819.669902200436
port273,port,Dalian_China,CHN,AS,POINT (121.77030099721195 38.987035504564595),Panama,174045974.82806686,74338.06851640779,169913356.4754102,540112.45875023,343959331.30347705,614450.5272666378
port277,port,Dandong_China,CHN,AS,POINT (124.14685910824761 39.81024913763587),Panama,11100887.080969978,3082.6504883146877,2113472772.157446,3329283.43076865,2124573659.238416,3332366.0812569647
port339,port,Fang-Cheng_China,CHN,AS,POINT (108.36433932071556 21.614205337319703),Panama,40085379.75894403,16902.118228889205,115629657.6771589,266946.49867715605,155715037.43610293,283848.61690604524
port425,port,Guangzhou_China,CHN,AS,POINT (113.48360001642897 23.027540518197554),Panama,22856561.629209414,23999.648471302316,7743522.187148112,21890.10796533001,30600083.816357527,45889.75643663233
port632,port,Lanqiao Port_China,CHN,AS,POINT (119.35685002809069 35.11048268331691),Panama,67773914.00513506,34437.22735003306,22193263.344058525,91897.45082025065,89967177.34919359,126334.67817028372
port644,port,Lianyungang_China,CHN,AS,POINT (119.43596629991742 34.741330167428174),Panama,52641268.07987911,45153.0904683272,371997.1978691455,497.06906522463197,53013265.27774826,45650.159533551836
port661,port,Longkou Gang_China,CHN,AS,POINT (120.28218249717666 37.659762897346134),Panama,28983360.860715687,7516.694809372358,1312412438.96595,2083600.12572708,1341395799.8266656,2091116.8205364523
port792,port,Nantong_China,CHN,AS,POINT (120.83744377309496 31.986285404302706),Panama,43957908.024017185,16385.097037058735,461417666.8539167,607318.2722795622,505375574.87793386,623703.369316621
port824,port,Ningbo_China,CHN,AS,POINT (121.88184079368102 29.92076897028836),Panama,408239259.22394466,127255.26234356326,2309523887.780192,3826936.441301501,2717763147.0041366,3954191.703645064
port897,port,Penglai_China,CHN,AS,POINT (120.72897549086093 37.798850051677206),Panama,1847675.2071274226,2935.488214687544,98002212.09484726,369065.30905697914,99849887.30197468,372000.7972716667
port1069,port,Qingdao Gang_China,CHN,AS,POINT (120.22261806874693 36.026779053777375),Panama,941531402.5753678,485862.4624943353,8146145159.145611,12321917.403523635,9087676561.720978,12807779.866017971
port1070,port,Qingdao Port_China,CHN,AS,POINT (119.7632780425881 35.60931762904352),Panama,68032159.60643485,13930.861542280622,297164.81564573257,474.65219569740077,68329324.42208059,14405.513737978023
port1071,port,Qingzhou_China,CHN,AS,POINT (108.63832256652277 21.678767844069043),Panama,23235656.829201505,14540.317629261603,30203061.17825173,55206.04192155887,53438718.00745323,69746.35955082047
port1072,port,Qinhuangdao_China,CHN,AS,POINT (119.65000657265892 39.92645539422683),Panama,814044175.6786966,878433.6595571233,523131831.9893956,522136.77320799965,1337176007.6680923,1400570.432765123
port1105,port,Rizhao_China,CHN,AS,POINT (119.5325575335972 35.348909654957744),Panama,81851342.06067437,48439.15226764433,5578068.436451323,7235.683325493366,87429410.49712569,55674.835593137694
port1188,port,Shanghai_China,CHN,AS,POINT (121.64419683599843 31.191795361150508),Panama,28772375735.498264,13141326.418466518,16679642857.350878,12825607.72725047,45452018592.849144,25966934.145716988
port1189,port,Shekou_China,CHN,AS,POINT (113.81033766451579 22.581467615726968),Panama,4554485.589711558,7094.6959144502125,1605860358.105896,2069032.6941154401,1610414843.6956077,2076127.3900298902
port1195,port,Shougang Jingtang_China,CHN,AS,POINT (118.47549267394592 39.006865243074614),Panama,317301405.85809827,109821.61729513842,372510294.430383,990256.5402060115,689811700.2884812,1100078.15750115
port1253,port,Taicang_China,CHN,AS,POINT (121.1376159719744 31.687515747280568),Panama,15347299.940412918,10189.439262359328,205140284.26290783,225410.35975472408,220487584.20332074,235599.7990170834
port1266,port,Tangshan (Jingtang)_China,CHN,AS,POINT (119.02124691645976 39.23528919041797),Panama,393930315.6870779,101577.79865124155,695114.2147246329,115.07284020858994,394625429.90180254,101692.87149145015
port1297,port,Tianjin Xin Gang_China,CHN,AS,POINT (117.73361492682544 38.939725902990304),Panama,532271843.01720536,405899.4491362045,2904121501.9090834,5180965.91061804,3436393344.9262886,5586865.359754244
port1403,port,Xiagong_China,CHN,AS,POINT (119.72153382532476 26.565520279385044),Panama,5773933.065541806,1605.1853475102778,24125036.726440422,82266.92206972292,29898969.791982226,83872.1074172332
port1404,port,Xiamen_China,CHN,AS,POINT (118.0205535858111 24.46593394092694),Panama,979646340.8840469,322869.3757825789,6805796837.364709,5024235.71745101,7785443178.248755,5347105.093233589
port1405,port,Xiuyu_China,CHN,AS,POINT (118.98704488726686 25.16527890676341),Panama,693.1795774034381,0.4336791741749979,8611022.680701975,37421.035621576666,8611715.860279378,37421.46930075084
port1414,port,Yiantian_China,CHN,AS,POINT (114.29351576122542 22.58487742159139),Panama,17632734912.775562,4926059.935651885,2775517044.1966596,3347869.033935115,20408251956.97222,8273928.969587
port1415,port,Yingkou_China,CHN,AS,POINT (122.04297058358812 40.72688954339104),Panama,57780859.98201753,33595.14281607444,1404667.273476797,2418.6062595181797,59185527.25549433,36013.74907559262
port1425,port,Zhangjiangang_China,CHN,AS,POINT (120.42881024260733 31.974623560988285),Panama,82744497.61132787,33305.36491329972,30017.84818478145,12.658339477885242,82774515.45951265,33318.02325277761
port1426,port,Zhanjiang_China,CHN,AS,POINT (110.40841034362165 21.212127953284217),Panama,14408193.570414431,4607.5410546170615,48158436.07494998,312589.109043004,62566629.64536441,317196.6500976211
port1427,port,Zhapu_China,CHN,AS,POINT (121.1568834958411 30.636885150399866),Panama,77204.34014735802,16.879372934381408,864200.7010111155,286.2851093783246,941405.0411584735,303.164482312706
port1428,port,Zhouliwang_China,CHN,AS,POINT (121.08299324770849 37.7015490915981),Panama,22508706.745668434,1642.6933512142984,21477723.211582657,54473.19227734315,43986429.95725109,56115.88562855745
port1429,port,Zhoushan_China,CHN,AS,POINT (122.10083683209919 30.056350318656218),Panama,19569685.03695547,11087.862666504254,604817334.9791443,1402497.3758281036,624387020.0160998,1413585.2384946079
port281,port,Davao_Philippines,PHL,AS,POINT (125.65946637381833 7.178981080270961),Panama,115634385.72239667,71543.79861823091,107018.2817247939,20.69676741735236,115741404.00412147,71564.49538564826
port694,port,Manila_Philippines,PHL,AS,POINT (120.87239976763306 14.591608787403127),Panama,66890819.00584972,44816.05374152127,586638468.815343,838549.2662775356,653529287.8211927,883365.3200190569
port1016,port,Poti_Georgia,GEO,EU,POINT (41.6571088498605 42.15927034878039),Panama,116406.31000710331,101.29446303426498,2944417.3405980114,65767.48267360557,3060823.6506051146,65868.77713663984
port310,port,Dunkerque Port Ouest_France,FRA,EU,POINT (2.2667766493888406 51.02068300332831),Panama,80810809.17922981,29110.882932252254,884055893.0299876,46289.4231366188,964866702.2092174,75400.30606887105
port351,port,Fos_France,FRA,EU,POINT (4.887000028740862 43.437564896174734),Panama,158962483.87776938,44632.04770295127,2968780.4801528538,1305.9403197846636,161931264.35792223,45937.98802273593
port765,port,Montoir_France,FRA,EU,POINT (-2.128279075982695 47.302700732031),Panama,11801189.636428062,2808.126435070057,83728100.49382482,97990.80347629322,95529290.13025288,100798.92991136327
port985,port,Port of Le Havre_France,FRA,EU,POINT (0.2093815466785828 49.4720613184748),Panama,10015.042429157269,4.590329829142145,757476368.6773418,1012912.4572335517,757486383.719771,1012917.0475633808
port1084,port,Rade De Brest_France,FRA,EU,POINT (-4.460255695693427 48.38534558895346),Panama,4118262.431514631,2692.139596416809,25399965.093283463,13109.153755759204,29518227.524798095,15801.293352176013
port1183,port,Sete_France,FRA,EU,POINT (3.7273737229831982 43.415796207439676),Panama,24304715.006078158,9524.942765305945,23914815.751985,45239.626576389244,48219530.75806315,54764.56934169519
port843,port,Odesa_Ukraine,UKR,EU,POINT (30.738071212173438 46.50128327972901),Panama,6940568.041023627,31257.591106097785,4896545.390322345,10441.387750419752,11837113.431345973,41698.97885651754
port702,port,Maputo_Mozambique,MOZ,AF,POINT (32.521037983851215 -25.955630874618056),Panama,2083371.033566582,3245.548679839416,14117918.777364248,11375.371974067255,16201289.81093083,14620.92065390667
port149,port,Bintulu Port_Malaysia,MYS,AS,POINT (113.0774259511892 3.2710235494794713),Panama,350715.2062398241,200.97410203044703,3630.774825398644,0.1428226734780535,354345.98106522276,201.1169247039251
port603,port,Kuantan New Port_Malaysia,MYS,AS,POINT (103.39318081863952 3.9817262410911605),Panama,36996911.23643517,15981.544630208107,74733664.56649585,370386.6136563803,111730575.80293101,386368.1582865884
port1269,port,Tanjung Pelepas_Malaysia,MYS,AS,POINT (103.5464031814828 1.3499828031447558),Panama,1824918301.479905,446263.1805168787,3749371.579147095,11532.586157548103,1828667673.059052,457795.76667442685
port626,port,Lagos_Nigeria,NGA,AF,POINT (3.334134321082994 6.4473370004515695),Panama,17678698.37614447,56085.54329950448,27729973.02275345,34572.23095781958,45408671.398897916,90657.77425732405
port168,port,Bremerhaven_Germany,DEU,EU,POINT (8.555056667114231 53.54944124151818),Panama,541108527.5922475,561788.4870099771,435346339.52747166,470113.5342431735,976454867.1197191,1031902.0212531507
port225,port,Chaguaramas_Trinidad and Tobago,TTO,NA,POINT (-61.640375752443504 10.68085280779315),Panama,113.34828256216392,0.1322765503256679,2260795.879064802,30412.22165023198,2260909.227347364,30412.353926782303
port916,port,Point Fortin_Trinidad and Tobago,TTO,NA,POINT (-61.68966609758492 10.181755914380444),Panama,40436424.97868149,113396.36613757315,2161079.2667567204,1714.1837332542045,42597504.24543821,115110.54987082735
port917,port,Point Lisa Port_Trinidad and Tobago,TTO,NA,POINT (-61.48116584031072 10.397073823199829),Panama,437037586.46193814,1158419.4189339927,153559002.56996718,133470.33323273924,590596589.0319053,1291889.752166732
port921,port,Pointe A Pierre_Trinidad and Tobago,TTO,NA,POINT (-61.45449434836531 10.324096817849428),Panama,6668727.098533228,14364.435945970698,66115550.95893871,73999.33860873683,72784278.05747193,88363.77455470752
port989,port,Port of Spain_Trinidad and Tobago,TTO,NA,POINT (-61.520184294847006 10.652734392047805),Panama,1169245365.3263338,14291602.771440182,1267824747.1484282,472453.1874379924,2437070112.474762,14764055.958878174
port257,port,Comodoro Rivadavia_Argentina,ARG,SA,POINT (-67.44977008063881 -45.8339314864208),Panama,389373911.8003048,539211.3904738973,235524873.2994873,295515.7921749558,624898785.099792,834727.1826488532
port1048,port,Puerto Ingeniero White_Argentina,ARG,SA,POINT (-62.283464510515394 -38.78214151744961),Panama,64081655.121508405,93842.1368702165,61596997.8981412,133213.01389686478,125678653.0196496,227055.1507670813
port1077,port,Quequen_Argentina,ARG,SA,POINT (-58.70710218624993 -38.575044990651634),Panama,269914745.3872175,769865.0522097598,27004810.590988345,55528.60120119549,296919555.97820586,825393.6534109553
port1397,port,Willemstad_Curacao,CUW,NA,POINT (-68.93000053911604 12.123763318338368),Panama,304182757.9347843,781221.2509406767,977716.8999102603,1016.9778543216391,305160474.83469456,782238.2287949983
port193,port,Burgas_Bulgaria,BGR,EU,POINT (27.482266275708785 42.46948481439915),Panama,16695503.571131798,8060.408479521293,367712538.26731944,390031.1224553863,384408041.83845127,398091.5309349076
port1199,port,Sikka_India,IND,AS,POINT (69.80786453503961 22.364837245319343),Panama,171691.16279928637,43.83713364905587,937391.941472824,548.2540692096948,1109083.1042721104,592.0912028587506
port434,port,Hai Phong_Vietnam,VNM,AS,POINT (106.74748482091017 20.84406939448894),Panama,26773139.96624397,19666.50004050263,211456751.78285906,487925.19016718655,238229891.74910304,507591.6902076892
port903,port,Phu My_Vietnam,VNM,AS,POINT (107.02605995730788 10.571698360654068),Panama,113293.74068910936,19.14184825253393,641093610.5139829,285956.8968452358,641206904.254672,285976.03869348834
port1291,port,Thanh Ho Chi Minh_Vietnam,VNM,AS,POINT (106.76615201380623 10.736240579932543),Panama,46051.18615883639,46.286356779037305,5739953.815039634,11147.708429657832,5786005.001198471,11193.99478643687
port934,port,Port Au Prince_Haiti,HTI,NA,POINT (-72.35783181622222 18.628067773859392),Panama,956755.7917090302,1124.127446782719,4818196.808037165,7749.901730970745,5774952.599746195,8874.029177753464
port215,port,Cape Town_South Africa,ZAF,AF,POINT (18.44822890206952 -33.915431968933554),Panama,12610023.817182649,2721.5452780123787,70654023.62461917,93934.53265338368,83264047.44180182,96656.07793139605
port311,port,Durban_South Africa,ZAF,AF,POINT (31.023022434194175 -29.882129614364494),Panama,9182996.078534702,6402.835372578116,37108071.8683874,52302.069848899446,46291067.9469221,58704.90522147756
port948,port,Port Elizabeth_South Africa,ZAF,AF,POINT (25.622625286885004 -33.90336755146096),Panama,10800861.123485532,8859.185978829268,226915.3286566458,103.88416838951005,11027776.452142177,8963.070147218777
port221,port,Castries_Saint Lucia,LCA,NA,POINT (-61.009273722589015 13.994441106501782),Panama,2159052.9218409564,1131.4124914473387,41639454.557036124,29762.749328859478,43798507.47887708,30894.161820306817
port233,port,Charlotte Amalie_U.S. Virgin Islands,VIR,NA,POINT (-64.93840481312252 18.33384952631222),Panama,739878.8448295201,6101.610086169658,740731.8360470285,826.2342353378663,1480610.6808765486,6927.844321507524
port649,port,Limetree Bay_U.S. Virgin Islands,VIR,NA,POINT (-64.75672294978173 17.705673960515753),Panama,16063424.282763258,21134.15270289343,122284333.038918,216819.8673049674,138347757.32168126,237954.02000786082
port541,port,Kao Hsiung_Taiwan,TWN,AS,POINT (120.322684663521 22.561527802321525),Panama,1905362360.1339374,769304.5452567622,1726109652.2334425,1383782.8429812014,3631472012.36738,2153087.3882379634
port1252,port,Tai-Chung Kang_Taiwan,TWN,AS,POINT (120.50496684104618 24.254571176267895),Panama,31054038.750242826,12861.792450062752,1218919.8349750345,3095.527450154702,32272958.58521786,15957.319900217455
port1261,port,Tan-Shui_Taiwan,TWN,AS,POINT (121.38071888832093 25.156631442990154),Panama,11662620.350937296,8198.09547976717,15977724.668097295,87800.27170019681,27640345.01903459,95998.36717996399
port357,port,Freeport_Bahamas,BHS,NA,POINT (-78.7626658095323 26.524515214800306),Panama,615804677.6854646,1609726.5690413145,2850642.6302850437,3188.0854281485363,618655320.3157496,1612914.654469463
port258,port,Conakry_Guinea,GIN,AF,POINT (-13.715240949211362 9.51414335959939),Panama,42273.468651260315,41.88337835798087,9216922.483017908,22365.083810069933,9259195.95166917,22406.967188427912
port260,port,Constanta_Romania,ROU,EU,POINT (28.648438622240928 44.13174252572028),Panama,89933072.54436067,186177.62235328573,20984325.419721343,34324.62224099553,110917397.964082,220502.24459428125
port261,port,Corinto_Nicaragua,NIC,NA,POINT (-87.16901026624205 12.481009330396384),Panama,154983271.02751863,176367.86506018485,226649779.99520278,342881.5491368314,381633051.0227214,519249.4141970163
port270,port,Daesan Hang_South Korea,KOR,AS,POINT (126.40367278117384 37.01322693846365),Panama,825611.6177106459,361.33468053178746,425382.1625095463,656.2879865900939,1250993.7802201922,1017.6226671218812
port432,port,Gwangyang Hang_South Korea,KOR,AS,POINT (127.71655329835137 34.876697162565),Panama,13882359.909394747,17928.329050031058,37261062.24310137,28778.58251973903,51143422.15249612,46706.91156977009
port494,port,Inchon_South Korea,KOR,AS,POINT (126.62008235060642 37.44435778450925),Panama,130019274.75130698,106567.89147238585,959516164.8901098,2972462.45738425,1089535439.6414168,3079030.348856636
port915,port,Pohang_South Korea,KOR,AS,POINT (129.40873483275405 36.03523851622592),Panama,181037940.7788694,99421.25451137764,28602991.704657745,43926.83270113445,209640932.48352712,143348.0872125121
port1065,port,Pusan_South Korea,KOR,AS,POINT (128.9385952279162 35.089550669656816),Panama,101679545556.71733,42188980.175439276,18932604601.43353,26298995.053157825,120612150158.15086,68487975.2285971
port1067,port,Pyeongtaek Hang_South Korea,KOR,AS,POINT (126.78462786837086 36.97512759102476),Panama,1124745256.6442046,197893.8882610351,34268527.87005073,47804.29415082919,1159013784.5142553,245698.1824118643
port1309,port,Tonghae_South Korea,KOR,AS,POINT (129.13845887498425 37.4880913966975),Panama,1570.011553174939,2.340776891952106,51917630.70718418,39502.75189296883,51919200.71873736,39505.09266986078
port1338,port,Ulsan_South Korea,KOR,AS,POINT (129.37808377639416 35.48647294441066),Panama,1563737487.3973324,1418416.5467839013,3064446092.3835516,20424535.401738852,4628183579.780884,21842951.948522754
port272,port,Dakar_Senegal,SEN,AF,POINT (-17.426101932742775 14.68346039725946),Panama,1626691.4636038344,3710.489586469817,77572.44800557502,64.17666334334498,1704263.9116094094,3774.666249813162
port299,port,Douala_Cameroon,CMR,AF,POINT (9.683368801434446 4.0528808646156484),Panama,12724183.666645676,30932.425404008492,1135946.8992994667,283.1164277757735,13860130.565945143,31215.541831784267
port330,port,Esmeraldas_Ecuador,ECU,SA,POINT (-79.65069729235927 0.9904562019326203),Panama,123287403.50620039,365870.53283879836,216213081.52439955,564967.7455368673,339500485.03059995,930838.2783756657
port426,port,Guayaquil_Ecuador,ECU,SA,POINT (-79.91891511541813 -2.2611456684150415),Panama,7273538507.939707,17618416.334946077,8038488342.026269,7309400.160370546,15312026849.965977,24927816.495316625
port619,port,La Libertad_Ecuador,ECU,SA,POINT (-80.90045730252382 -2.222869497654159),Panama,13441007.008157266,56539.796410766496,450259012.40183264,697249.9843924263,463700019.4099899,753789.7808031929
port697,port,Manta_Ecuador,ECU,SA,POINT (-80.72399911958898 -0.9366199248996209),Panama,223134830.19309893,633402.3374410409,260441608.33607498,346396.47987890226,483576438.5291739,979798.8173199431
port1028,port,Puerto Bolivar_Ecuador,ECU,SA,POINT (-79.99877388311246 -3.259294792105495),Panama,5229402762.226686,4508907.701593208,815536826.3211036,530992.2879389956,6044939588.547789,5039899.989532203
port332,port,Europa Point_Gibraltar,GIB,EU,POINT (-5.359921566583063 36.13663071653813),Panama,26745906.334116124,33738.641423897825,19872404.432894044,13718.601948496684,46618310.76701017,47457.24337239451
port572,port,Kingston_Jamaica,JAM,NA,POINT (-76.80443674927994 17.982903805338328),Panama,5510456578.102598,26037282.958366867,2781834653.9325447,5055731.785935797,8292291232.035143,31093014.744302664
port1102,port,Rio Bueno_Jamaica,JAM,NA,POINT (-77.43323065711732 18.46316958204368),Panama,44461364.27211697,138612.35039210858,6660434.50599955,22855.944188558045,51121798.77811652,161468.29458066664
port380,port,Gdansk_Poland,POL,EU,POINT (18.69364422721409 54.37579704132241),Panama,2338896.0676357634,6913.587437800458,47187635.3648451,21069.999135969414,49526531.43248086,27983.586573769873
port381,port,Gdynia_Poland,POL,EU,POINT (18.524510975094508 54.53556217887057),Panama,52415314.17503137,18678.610968832967,73233666.83124809,56695.71837964542,125648981.00627947,75374.32934847838
port390,port,Georgetown_Guyana,GUY,SA,POINT (-58.169551897968255 6.7983690385449975),Panama,8409496.997575808,40311.48272578165,10842565.178171962,6528.974297960329,19252062.17574777,46840.45702374198
port402,port,Golfito_Costa Rica,CRI,NA,POINT (-83.16710591510046 8.636992620480534),Panama,197830697.13134962,260220.23883396722,4267184.997544239,4707.510173981544,202097882.12889385,264927.7490079488
port1032,port,Puerto Caldera_Costa Rica,CRI,NA,POINT (-84.7158536192548 9.912483159707406),Panama,207707034.35846633,391250.5976329804,2986139937.7720213,5409859.577353556,3193846972.1304874,5801110.174986536
port1052,port,Puerto Moin_Costa Rica,CRI,NA,POINT (-83.08925317000586 10.001522717309435),Panama,633755052.5383445,692166.5610201557,536584462.36693144,454092.26876059355,1170339514.9052758,1146258.8297807493
port857,port,Oranjestad_Sint Eustatius,BES,NA,POINT (-62.986300441651196 17.47773288118434),Panama,34476143.84832858,39315.61447049456,39466475.34546638,29209.621306098532,73942619.19379497,68525.2357765931
port474,port,Hong Kong_Hong Kong,HKG,AS,POINT (114.09665194051334 22.335109262829082),Panama,2294327819.276715,758469.6301819535,3345832048.2939754,4659460.868170176,5640159867.57069,5417930.498352129
port781,port,Muuga-Port of Talinn_Estonia,EST,EU,POINT (24.968950691152937 59.49390124677661),Panama,98210.13027449042,15.913082254655526,1171265.9027132315,3447.9239767908807,1269476.032987722,3463.837059045536
port1033,port,Puerto Castilla_Honduras,HND,NA,POINT (-85.96831036714933 16.007134832086017),Panama,9557049.892772468,4675.112192111427,3019948.1052665384,6774.014910339421,12576997.998039007,11449.127102450848
port1036,port,Puerto Cortes_Honduras,HND,NA,POINT (-87.94856446212731 15.844512042878797),Panama,351412567.9590092,580125.3337057244,238376930.35799745,155530.12622855153,589789498.3170066,735655.459934276
port1043,port,Puerto De Hencan_Honduras,HND,NA,POINT (-87.42549030573855 13.402295220246051),Panama,69784120.33638586,102056.60690388652,335991078.27268726,619231.4430267538,405775198.6090731,721288.0499306404
port665,port,Luanda_Angola,AGO,AF,POINT (13.288103692270244 -8.781235498997976),Panama,73434.8256024714,29.253346830382313,10400280.266789628,5548.274644297095,10473715.0923921,5577.527991127477
port657,port,Lome_Toga,TGO,AF,POINT (1.2827089542348369 6.144824676404431),Panama,1128511.8404487802,5239.47983004205,8547029.408127284,17975.906772073085,9675541.248576064,23215.386602115133
port1009,port,Porto Grande_Cape Verde,CPV,AF,POINT (-24.99565966225549 16.894220787038208),Panama,284.9146811826964,0.03337055414150816,288861.4660141417,152.97468620544808,289146.3806953244,153.00805675958958
port884,port,Paramarico_Suriname,SUR,SA,POINT (-55.15777475227813 5.784349722935678),Panama,5898161.915392401,7758.45158045653,48014042.82401203,4320.923170358457,53912204.73940443,12079.374750814986
port910,port,Playa De Guayanilla_Puerto Rico,PRI,NA,POINT (-66.74920125167671 17.996048733004674),Panama,4556358.2379347915,14507.489837113626,10491383.988279952,9542.673306543718,15047742.226214744,24050.163143657344
port1143,port,San Juan_Puerto Rico,PRI,NA,POINT (-66.11597490288231 18.437815521343815),Panama,77440925.25297675,338058.8220409282,128639123.5780714,255043.9260838483,206080048.83104813,593102.7481247764
port922,port,Pointe A Pitre_Guadeloupe,GLP,NA,POINT (-61.548692700318355 16.230548022266124),Panama,186031.61203041632,375.8706979130209,12111095.419171816,118713.16023943835,12297127.031202232,119089.03093735137
port1057,port,Puerto Quetzal_Guatemala,GTM,NA,POINT (-90.79003767256297 13.92640929366596),Panama,1829117410.6373422,4214716.473847159,3958599935.1494064,5902422.000997322,5787717345.786749,10117138.474844482
port1159,port,Santo Thomas De Castilla_Guatemala,GTM,NA,POINT (-88.60823052907632 15.709400322033659),Panama,158679786.95817068,98308.77360245929,95206894.74470536,94541.9586765326,253886681.70287603,192850.7322789919
port1282,port,Tema_Ghana,GHA,AF,POINT (0.0007896226035502 5.626168215199538),Panama,2618.083998350304,1.944795720064101,48025823.28318664,108341.61897412247,48028441.36718499,108343.56376984253
port1201,port,Singapore_Singapore,SGP,AS,POINT (103.70748156486187 1.2719892565052655),Panama,3516055541.320359,3462512.3871809095,3562212641.792103,8824672.077414872,7078268183.112462,12287184.464595782
